<?xml version="1.0" encoding="UTF-8" ?>
<XMLDB PATH="mod/curriculum/db" VERSION="20250823" COMMENT="XMLDB file for Moodle mod_curriculum"
    xmlns:xsi="http://www.w3.org/2001/XMLSchema-instance"
    xsi:noNamespaceSchemaLocation="../../../lib/xmldb/xmldb.xsd"
>
  <TABLES>
    <TABLE NAME="curriculum" COMMENT="Stores the curriculum activity module instances.">
      <FIELDS>
        <FIELD NAME="id" TYPE="int" LENGTH="10" NOTNULL="true" SEQUENCE="true"/>
        <FIELD NAME="course" TYPE="int" LENGTH="10" NOTNULL="true" SEQUENCE="false" COMMENT="ID of the course this activity is part of."/>
        <FIELD NAME="name" TYPE="char" LENGTH="255" NOTNULL="true" SEQUENCE="false" COMMENT="The name of the activity module instance"/>
        <FIELD NAME="timecreated" TYPE="int" LENGTH="10" NOTNULL="true" DEFAULT="0" SEQUENCE="false" COMMENT="Timestamp of when the instance was added to the course."/>
        <FIELD NAME="timemodified" TYPE="int" LENGTH="10" NOTNULL="true" DEFAULT="0" SEQUENCE="false" COMMENT="Timestamp of when the instance was last modified."/>
        <FIELD NAME="intro" TYPE="text" NOTNULL="false" SEQUENCE="false" COMMENT="Activity description."/>
        <FIELD NAME="introformat" TYPE="int" LENGTH="4" NOTNULL="true" DEFAULT="0" SEQUENCE="false" COMMENT="The format of the intro field."/>
        <FIELD NAME="curriculum_elements" TYPE="text" NOTNULL="false" SEQUENCE="false" COMMENT="Curriculum(s) we want to display by id."/>
        <FIELD NAME="curriculum_elements_areas" TYPE="text" NOTNULL="false" SEQUENCE="false" COMMENT="Curriculum(s) areas we want to display by id."/>
        <FIELD NAME="curriculum_elements_objectives" TYPE="text" NOTNULL="false" SEQUENCE="false" COMMENT="Curriculum(s) objectives we want to display by id."/>
        <FIELD NAME="logbook_elements" TYPE="text" NOTNULL="false" SEQUENCE="false" COMMENT="Logbooks(s) we want to display by name."/>
        <FIELD NAME="kanban_elements" TYPE="text" NOTNULL="false" SEQUENCE="false" COMMENT="Kanban(s) we want to display by name."/>
        <FIELD NAME="curriculum_links" TYPE="text" NOTNULL="false" SEQUENCE="false" COMMENT="Tracked links, kursID, acticityID, bausteinID."/>
        <FIELD NAME="curriculum_triggeractivity" TYPE="text" NOTNULL="false" SEQUENCE="false" COMMENT="Activity ID of tracked link."/>
        <FIELD NAME="curriculum_triggerobjectives" TYPE="text" NOTNULL="false" SEQUENCE="false" COMMENT="Objective ID of tracked link."/>
        <FIELD NAME="curriculum_threshold" TYPE="text" NOTNULL="false" SEQUENCE="false" COMMENT="Threshold for ampel colors."/>

      </FIELDS>
      <KEYS>
        <KEY NAME="primary" TYPE="primary" FIELDS="id"/>
        <KEY NAME="fk_course" TYPE="foreign" FIELDS="course" REFTABLE="course" REFFIELDS="id"/>
      </KEYS>
    </TABLE>
    <TABLE NAME="curriculum_links" COMMENT="Tracked links, kursID, acticityID, bausteinID.">
      <FIELDS>
        <FIELD NAME="id" TYPE="int" LENGTH="10" NOTNULL="true" SEQUENCE="true"/>
        <FIELD NAME="course" TYPE="int" LENGTH="10" NOTNULL="false" SEQUENCE="false"/>
        <FIELD NAME="activityid" TYPE="int" LENGTH="10" NOTNULL="false" SEQUENCE="false"/>
        <FIELD NAME="bausteinid" TYPE="int" LENGTH="10" NOTNULL="false" SEQUENCE="false"/>
        <FIELD NAME="usermodified" TYPE="int" LENGTH="10" NOTNULL="true" DEFAULT="0" SEQUENCE="false"/>
        <FIELD NAME="timecreated" TYPE="int" LENGTH="10" NOTNULL="true" DEFAULT="0" SEQUENCE="false"/>
        <FIELD NAME="timemodified" TYPE="int" LENGTH="10" NOTNULL="true" DEFAULT="0" SEQUENCE="false"/>
      </FIELDS>
      <KEYS>
        <KEY NAME="primary" TYPE="primary" FIELDS="id"/>
        <KEY NAME="usermodified" TYPE="foreign" FIELDS="usermodified" REFTABLE="user" REFFIELDS="id"/>
      </KEYS>
    </TABLE>
  </TABLES>
</XMLDB>
